	mean_fit_time	mean_score_time	mean_test_score	mean_train_score	param_C	params	rank_test_score	split0_test_score	split0_train_score	split1_test_score	split1_train_score	split2_test_score	split2_train_score	std_fit_time	std_score_time	std_test_score	std_train_score
0	5.152223110198975	0.020905733108520508	0.6296163815163138	0.6298502621175955	1	{'C': 1}	1	0.6298515840390934	0.6299775473816285	0.6296534759711423	0.6298041999603777	0.6293440755477043	0.6297690390107804	0.03279442457141747	7.544909034580424e-05	0.00020884265019925868	9.114174646888462e-05
1	46.56202348073324	0.020985126495361328	0.6296163815163138	0.6298805284008505	10	{'C': 10}	1	0.6298515840390934	0.6299362741860925	0.6295214039258415	0.6298041999603777	0.6294761519539054	0.629901111056081	0.24950212844009095	7.579536246094758e-05	0.00016733755792373468	5.584881106940128e-05
