	mean_fit_time	mean_score_time	mean_test_score	mean_train_score	param_C	params	rank_test_score	split0_test_score	split0_train_score	split1_test_score	split1_train_score	split2_test_score	split2_train_score	std_fit_time	std_score_time	std_test_score	std_train_score
0	1.035538117090861	0.020207325617472332	0.6284992598381	0.629096341053025	0.1	{'C': 0.1}	4	0.6287846270677189	0.6291820410589138	0.6288218979066236	0.628453506129019	0.6278912350794935	0.6296534759711423	0.007348144108948818	0.00038558588637649084	0.0004302005021428259	0.0004936194713598618
1	5.018262068430583	0.019788503646850586	0.6285267751503711	0.6291926440857333	1	{'C': 1}	1	0.6288341532670783	0.6291985504734074	0.6288384071848379	0.6285855792645177	0.6279077446302687	0.6297938025192743	0.02566079632726694	0.00011664022361843432	0.00043771689729877624	0.0004932727591607923
2	45.20638378461202	0.019836902618408203	0.6285102659630084	0.6292256623696079	10	{'C': 10}	2	0.6288341532670783	0.6291985504734074	0.6287888793501948	0.6286846341161418	0.6279077446302687	0.6297938025192743	0.31364260278984873	8.768186982801437e-05	0.0004264406288392107	0.0004532217469139086
3	48.8296103477478	0.01976768175760905	0.6285102659630084	0.6291568743236271	20	{'C': 20}	2	0.6288506620001981	0.6291985504734074	0.6287723700719805	0.6284947789838623	0.6279077446302687	0.6297772935136117	0.5513796547191792	6.243117952048272e-05	0.000427237171238189	0.0005244130406781431
